{
  "streetName": "Via Irnerio 1",
  "latCenter": 44.499269,
  "lngCenter": 11.352333,
  "latStart": 44.499693,
  "lngStart": 11.350589,
  "latEnd": 44.499083,
  "lngEnd": 11.353027
}
