{
  "streetName": "Via Mascarella 1",
  "latCenter": 44.500988,
  "lngCenter": 11.351584,
  "latStart": 44.501924,
  "lngStart": 11.352519,
  "latEnd": 44.499775,
  "lngEnd": 11.350535
}
