{
  "streetName": "Via Irnerio 2",
  "latCenter": 44.500385,
  "lngCenter": 11.347814,
  "latStart": 44.499756,
  "lngStart": 11.350434,
  "latEnd": 44.501226,
  "lngEnd": 11.344474
}
