{
  "streetName": "Via Mascarella 2",
  "latCenter": 44.498801,
  "lngCenter": 11.349562,
  "latStart": 44.497699,
  "lngStart": 11.349077,
  "latEnd": 44.499643,
  "lngEnd": 11.350413
}
